x1,x2,y
1.5659841246811588,-0.3087885516222804,1
0.0552593805596627,-0.1060200551013641,1
-0.6430597504980837,0.7432221079959299,0
-0.8189497988537494,0.6941205582906829,0
0.6989389721304295,-0.4276069989297717,1
0.3840656260742793,-0.398383379244311,1
1.630573733637803,-0.2977032698410424,1
0.5035135579701188,0.6272505264799858,0
-0.1612477602273817,0.936658693676088,0
0.5735106337340784,-0.4820442862200459,1
-1.250964829068599,0.0981549601413403,0
1.4901372529844514,-0.3848779865931389,1
1.0553139273623036,-0.3594752087383981,1
-0.0026048123515884,0.0518278918930099,1
0.9226318435788928,0.5308740434438498,0
0.8849214339250402,0.4951231779189396,0
1.0624008283938515,0.557316098793621,0
1.9658378355599515,-0.0467687190414314,1
0.3415616531371168,0.9275335974121204,0
-0.6078333876953996,0.6369675398848692,0
1.7190108576529088,-0.3629043458053954,1
0.4192811357337764,0.7951870039171004,0
1.934021056521502,-0.1447595617653757,1
1.894240386610038,0.039572043251863,1
0.7548002304465427,0.475650648264781,0
0.0012084128542884,0.8011344568980261,0
-0.3819102145304388,0.8715245031982821,0
1.0163655235332,0.2494843597756704,0
0.4287726023246083,0.9116626558149136,0
1.70783842620518,-0.1224529826736228,1
0.5467317017314833,0.7933623434844915,0
1.9972445036620088,0.0258132844365527,1
0.3996682353400252,0.848318200213241,0
1.758781980310862,-0.2374060600193857,1
-0.9409248467421504,0.0894277237897034,0
0.5525412602610599,0.703760662450858,0
0.0465850139330375,0.3108040357439421,1
0.4390660261221786,1.0557367632037713,0
-0.8764785677306148,0.2265620815455869,0
1.0057019463156969,0.0083233737279763,0
-0.0403041124336202,-0.177338740434869,1
-0.0531270078519938,0.4739210804139291,1
2.050342433584781,0.5694058207034918,1
0.1921103940284001,0.9045675784969176,0
-0.1808975136889025,0.83916678415225,0
1.9849002482928528,0.2314675234204462,1
1.7488558184561036,-0.2661739627297354,1
0.3584796285725857,-0.1607758117109912,1
0.7518855901586085,0.8029399380726376,0
0.6611520390850518,0.8113294765757644,0
-0.7703968912372396,0.4047032658383508,0
0.9342654883857,-0.4058045991445888,1
0.9889952192555173,-0.4193152991947545,1
1.2785389547458237,-0.4526332092699804,1
1.023366691455482,0.1844424956137055,0
0.3749798973562604,-0.3871338931103083,1
-0.1138461654934459,0.8878719388162253,0
1.3479159743595737,-0.6018213717361474,1
1.2142358329966805,-0.4241491650801141,1
0.1878984362672601,0.0182568618151261,1
0.5099866325795562,-0.5169905267584204,1
0.6965813638819942,-0.5290746250827765,1
0.2366339777533333,-0.2013994922470429,1
1.7017063567492574,-0.5933291036494429,1
0.8554713391286521,0.5285269709001745,0
-0.1602441511377627,1.0572383166228096,0
0.3929789566041807,-0.372861061256077,1
0.0930118577804895,-0.2256286590533628,1
2.040700310532261,0.1962367726018288,1
0.1814327297434292,0.1468756495934808,1
-0.9021647025842536,0.5268719803972466,0
2.1279012945283147,0.2500744068617914,1
0.2906021539774124,0.0794373693118695,1
1.7284697659632602,-0.3466788670029825,1
-0.6178078646400038,0.7301963330306442,0
0.6901764026868455,-0.483063102637042,1
0.8313561539279368,-0.3627659335357411,1
-1.130717072351448,0.2755848283598729,0
2.10219761813212,0.2621245830374081,1
0.4382619080283416,0.9953464756700636,0
0.9553105289752268,0.0690956585921495,0
0.4157550248679072,0.8233632782927452,0
1.9402446671037392,0.6174151417994573,1
0.8254365325931592,0.1015458508511073,0
0.0775669194880334,1.218581473416659,0
0.9383958047995804,0.1490967993745714,0
-0.896843704279066,0.3156008980894366,0
-0.7165919559966599,0.6974425606088931,0
0.2950963990358662,0.991526433246856,0
-0.5106530030731586,0.7742152715852861,0
0.9862633043379364,0.3922338048728478,0
0.574948798725983,-0.2096561462492354,1
1.7904027427138882,-0.1372279717565155,1
-0.9894959050776796,0.0997241595217543,0
0.0833957209717277,1.1410977896591945,0
0.2471727117314328,-0.0585935466953096,1
-0.2319363790735979,0.8893215792705659,0
0.9486001658233228,0.2226394476588423,0
0.2726018035535489,0.8560052307025666,0
1.8572535593629056,0.21270320722883,1
-0.7528626333028207,0.6825784924418397,0
1.0606191242250993,-0.5258554743152393,1
1.872453726140807,0.0897669132315622,1
-0.1165181252757806,1.169490979449903,0
0.5045741111226704,0.8059163772814248,0
1.094801773269506,-0.0933946242455799,0
1.4955702719376822,-0.1837620215234139,1
-0.0385194014654691,0.3319152549423352,1
-0.0785812674807011,0.2721918136674163,1
2.005415443381032,0.0055056784299475,1
0.2964155163995791,-0.1562468703916318,1
0.2016313887261188,0.8936966816681946,0
1.405229048944842,-0.4926781677679026,1
0.954813525133296,0.2283077049579091,0
0.7414895496379881,-0.5666275375878186,1
1.937280332050998,0.1641701905566505,1
0.901998458188498,0.4321532249697998,0
0.043141513162222,1.0827965691025674,0
0.7331774444363336,0.5489421202468602,0
2.0067434712729315,0.2952751532013329,1
0.8428788689123011,0.1459650204827246,0
0.4641924037588649,0.8958079423457156,0
0.9152574189502336,-0.0397132874933419,0
-1.013868935184817,0.4534697203746296,0
0.9120215487528774,0.5219045655952332,0
-0.8229950832761077,0.5479461986583122,0
2.0006243103185044,0.389851975288161,1
0.0542053608418231,1.1474519368706906,0
0.073256542082116,0.0517623153351326,1
-1.0753120172372284,0.2193326627218187,0
1.16174065346389,-0.2027501529154057,1
0.0598067389060284,0.1055282538253095,1
1.645493370628969,-0.1431323147508771,1
2.1021003826124294,0.2246062977433784,1
-1.0115916067134405,0.2066399195409843,0
-0.0476856284675619,0.1592869089532286,1
1.7251548114664423,-0.2695955785758476,1
0.481206352366513,0.7751376474371104,0
0.6861856113515116,0.8475487732691187,0
1.716779825729271,-0.4808346735402891,1
-0.0672757610437045,0.179058402168301,1
0.1540433861460984,0.1564779893203328,1
-0.0462497774990902,1.0259341187771025,0
-0.1322350183655312,1.0492863247179456,0
-0.0924598518905096,1.034417343578133,0
-0.0022689378590087,0.381498595473027,1
0.2531035765438658,-0.2187445617400199,1
1.023255860232772,-0.5398608455936689,1
-0.9768808063766709,0.2727474820777358,0
1.4465818846697414,-0.5929413083735809,1
0.1271703286579574,0.9460784794801624,0
-0.0962239064718989,0.935564365510295,0
-0.980935963739072,0.4368887032261274,0
1.7135424748449817,-0.0833203079256782,1
1.109224862852058,-0.5122781972734999,1
-0.0297215740035447,0.6167843523978451,1
-0.6667949647049584,0.7502202378735301,0
0.4104325571351836,-0.3880392482760737,1
0.909414030403386,-0.5463526982297874,1
1.903124199186211,-0.021624523291749,1
0.6070049673714255,0.831578483099465,0
-0.039075514195917,0.9560816302175396,0
0.0500357870420591,-0.1143324080288591,1
1.4556415088103405,-0.1887113845833551,1
-0.9486453683759294,0.6565546077398787,0
-1.0287603468171778,0.0931941039653172,0
-0.0823011772382227,0.9159134816623112,0
0.2922791239995215,-0.0984770248358679,1
-1.1610873401831394,-0.0317378560778409,0
0.1352379035782767,0.1977892296163692,1
0.8202154656692093,0.5669247594811633,0
-0.4233890587517292,0.8540847799662372,0
1.823113910982722,-0.1517882338225959,1
0.957565525743192,0.0563570093989276,0
0.7838907634709764,0.6669695173181441,0
0.4719871005838691,0.8911969784051834,0
-0.486436360970501,1.0154699908341664,0
0.92036429905385,0.3896190443752318,0
1.7006664740984456,-0.2227175907473124,1
1.518773622924135,-0.302563956313614,1
-0.7671025856396154,0.3309931699844731,0
1.8830589647765423,-0.0887934410998211,1
-0.1262331156044366,1.006281574495823,0
1.9336407900875192,0.2506818210578478,1
-0.198918939269619,1.2408119702041278,0
-0.7307981086821205,0.4043992939869726,0
0.7584802019067742,-0.3246382839607326,1
0.6662769267187824,-0.4730562166599026,1
1.6978377363187067,-0.1885313297586052,1
0.8331510547119297,0.1095545981578458,0
-0.9122553676013274,0.2326460099986438,0
1.5844079800929172,-0.2413716591795965,1
0.8842790566724593,-0.4103772481377856,1
2.028057808564615,0.0351748207069324,1
-0.0251343361358866,-0.1312770674048552,1
0.4448664014273494,1.01407699933051,0
0.2105675224725589,1.120098586025183,0
-0.9240982054865952,0.5944576356724984,0
1.9012855595538904,0.1305779451148292,1
0.9809078409566234,-0.5128707355831701,1
0.1738133869981636,-0.3250648493309025,1
1.8290595832317196,-0.0720963559970111,1
-0.8193442168618046,0.5295938613988009,0
1.534675279461608,-0.4059741435664021,1
1.941567305404705,0.3185310553812968,1
0.7124307283187006,0.4698541507698796,0
-0.84417190226541,0.4637025768192961,0
0.8869690905999823,0.2064256373033046,0
0.7852502348873998,0.7001442558642319,0
1.4736474667869548,-0.2421774239085796,1
0.799426224278232,0.7270491356108973,0
1.9268950119067196,-0.0769046395999364,1
1.7313374337845358,-0.0205138264826432,1
1.5813141136973177,0.2122823811745529,1
0.1193510660778327,0.9790802765090376,0
-0.2247268316992646,0.0719308824262364,1
1.0449963438000212,0.4490924287775636,0
1.7204395323539134,0.0926934918419458,1
0.3284320652308338,0.9394986881102226,0
-0.4232488924037473,0.893837646374563,0
0.4266262535630106,-0.1807639558540837,1
-1.097294411022162,0.3435286145217243,0
0.9693236179732686,-0.4916542198002134,1
-0.3958530140999169,1.062535115803919,0
1.0336686744990775,0.5523220058415752,0
-0.7675717076209811,0.3697196210988465,0
0.6999627512426675,0.947539915709585,0
0.7353496034429879,0.5004162528913703,0
1.1914012973610468,-0.3893463096365753,1
-0.8335413799289977,0.3740343066357664,0
0.9509869576266584,0.4299853066211107,0
-0.6867744122892095,0.7903924186396375,0
-0.2314181757043994,1.0068778815578916,0
0.4355058279171865,0.9135993307902666,0
0.8310990340907828,0.505002101510332,0
-0.0575593625687597,0.3739394488069207,1
-0.3434364823805594,0.9528737190220944,0
0.5440501870364844,-0.3388373518471638,1
0.6577819776326838,0.8203173493881457,0
1.1337755110362733,-0.6626967810031977,1
0.4903190036160411,0.9217842391406232,0
0.598186677278213,0.5218268833517083,0
-0.1069232888576858,1.2043151146636502,0
0.2294178381548073,0.9811770310023664,0
-0.1199494081194183,0.8921120013758599,0
0.7951186479010024,-0.2861080670307804,1
1.2587070328301737,-0.4632516789789314,1
0.7249109950496149,0.796362912531418,0
-0.361189592568945,0.8640080973552995,0
-0.3883823420913178,0.9669053234205388,0
0.987382681834744,0.0973724917211874,0
-0.3507411450719267,1.005492710063543,0
-0.8762808057501636,0.3414362930378315,0
0.8816535205350701,0.5215993375341885,0
1.767323837972666,0.052729514264388,1
2.2391662394919294,0.2494553208877194,1
-0.7316049992439514,0.506707343644376,0
-0.9208918938132012,0.1183389930532083,0
-0.9174563178268336,0.694191612407192,0
1.0441538159601615,0.3760410812023735,0
1.9292866625628355,-0.0419355756073037,1
0.1953341950744641,0.7428274565902462,0
-0.8129150927303394,0.273182152090705,0
-0.3824898407691252,0.9540363972638556,0
0.2270776873820992,1.1247600429033895,0
-0.0079183685794762,0.0352893898476099,1
0.8925584026988813,0.6188523464860478,0
-0.7960394448753272,0.0060878600429842,0
1.537170743407336,-0.3742188923409288,1
-0.0332280864392598,0.3754717078137595,1
-0.8625843732575282,0.2982574689735356,0
0.7950283089171648,0.5078548092163934,0
0.4016724537581297,-0.2272978715788659,1
1.8165753705721768,-0.0018582998917233,1
1.902160967100369,0.0479585285131726,1
0.1825505531100109,-0.1187345028577701,1
0.0398934684358066,0.2583943657279621,1
-0.3260174604599672,1.0785888941879014,0
0.9781769662981834,0.2580080573851653,0
-0.5563825217824507,0.7778218536960169,0
-0.1468797650533738,0.8460512195466128,0
0.373345365348199,-0.2534654538384436,1
0.0648795740098195,-0.0494737670823808,1
1.8380758647813924,-0.0174391994288712,1
0.7335871963570124,0.2364767425574712,0
1.6133976501005656,-0.1681101736756634,1
-0.5826950230351323,0.8082839831310934,0
1.556029209828023,-0.1961151660042405,1
-0.0133387356144469,0.0640268185104772,1
0.1355592712136608,0.4883076069746102,1
1.887337952981725,0.3652363170904648,1
-0.0302510279673612,1.0033328371750878,0
1.963382633457532,0.3366563099424145,1
0.1093363441999007,0.1790882857879726,1
0.8653008307986672,-0.5453120139373534,1
0.6245536890002175,0.6868565937692098,0
0.2447704223892415,-0.3176882643738121,1
1.5775494914105588,-0.2005970653192962,1
0.0225722689821585,0.4351185633825264,1
0.9658485554354354,0.5832031088169032,0
-0.9440282998351596,0.3336543454821035,0
1.226605350340301,-0.6138244604132281,1
1.7700662094062294,-0.0386395271439174,1
-0.1546134999777895,0.9755901373478272,0
1.3271446318216904,-0.5161114444561473,1
-0.1443520738689631,0.873706048348525,0
0.6081183500159959,0.843156679807935,0
0.3585399122197933,-0.3550539997253075,1
0.746303853628464,-0.250198044516278,1
-0.04393208758183,0.1832783163447285,1
0.1143961312817552,-0.1392802102634744,1
0.4080203118626017,0.9691693449443284,0
0.0411900139135376,0.1080576848582708,1
-0.7633328555540733,-0.0011625346337411,0
1.2662832732192248,-0.3541542363576109,1
2.04115897195429,0.4279047556869295,1
2.0313206506254926,0.2628685719585401,1
0.1859750718541895,0.0144954615403775,1
0.8308564665211551,-0.4085447858481595,1
0.1828492664571962,-0.1632113883396165,1
0.7406744897826087,-0.3287170080423385,1
-0.3178159249964469,1.0025039687705743,0
0.2275172790748792,1.1017551099960272,0
0.9995130376963842,-0.4881437773054585,1
-0.9315551541093928,0.1708962903658022,0
-0.6782356187103336,0.7384356476481428,0
0.0453713541781082,0.9624804305137358,0
-0.1014596958628539,0.4096482681219864,1
-0.8505731009806414,0.4289281444095079,0
1.7902476553799576,0.0207542635354572,1
0.7611245092616874,-0.4158021704497892,1
-0.2524124611768397,0.8859780907191442,0
1.221770034052803,-0.4810255370496196,1
0.7738914167845846,-0.4870004492169326,1
-1.1004266137000285,0.0256433962330247,0
1.47298239019009,-0.4490482409859342,1
0.688094280946476,0.9717255130444504,0
2.1002635563721945,0.5111414516164369,1
-0.0854502699482444,1.0186419196862952,0
-1.103240214192323,-0.1305679814364541,0
0.7666725511400476,-0.4979170790292274,1
1.1048362447753588,-0.1083582691163808,0
1.819811115357243,0.5492893055822463,1
0.2899402046519995,1.0477318766544512,0
0.7656358743871703,-0.6309755110555844,1
0.8234258977311291,-0.1282708612751939,0
0.906495213274468,0.5020794578282951,0
0.8582433986389368,0.0181735964564993,0
-0.9276805858727676,0.5998636771419266,0
0.036240975386373,-0.0644339719319568,1
0.9234223478753424,0.3265572101422963,0
-0.5810123978488595,0.7835713025932534,0
0.2442510272578116,0.9859140590632424,0
0.9764927548643418,0.5341852184185776,0
0.1092780894732715,0.9372571846719672,0
1.246458235019824,-0.3674479546115023,1
-0.6328339346088213,0.8404141651579042,0
-0.8616819227150736,0.5741735168440297,0
0.492156673778719,-0.4128343355645213,1
1.9243366690952644,0.0567411376060157,1
-0.235718665012688,0.9773578893776912,0
0.9755406524451724,-0.1795991803846428,0
1.1183876538103354,-0.3996628342425404,1
0.9696506340656345,0.4728301716979551,0
0.3142604976254295,0.9424969289519868,0
1.0102061812077818,0.0844275976931865,0
-1.1074146985592537,-0.1644832082740592,0
1.03988047964,-0.5638699191363412,1
0.6297077541720868,0.5233011371760591,0
0.6749657388542626,0.8576408739562065,0
0.9338183666833972,0.3948634872542903,0
0.1605111496464423,0.1094820330003031,1
-0.8273381446287947,-0.0258223045886484,0
1.1256070484302656,-0.5454110649051233,1
-0.8995919422786383,0.3679347398347258,0
1.709943299957517,-0.105068338582173,1
-0.6502085472816919,0.5776128718508602,0
0.8555238563687397,0.5675420123556154,0
0.0958077894337963,0.0104127208964321,1
-0.9274604620550654,0.1779149709866176,0
-0.9570491829992152,0.3343177152422141,0
-0.6662068573317325,0.7133084752874012,0
1.2928366934007556,-0.5878695603885267,1
-0.3517583735358568,1.0135871743788087,0
1.02812439545048,0.018438207091892,0
-0.107012937815473,-0.0157228635700228,1
-0.0436662533146326,0.9715555250738004,0
-0.5641809508492197,0.687421693846771,0
-0.8838487273032768,0.5638476347594115,0
-0.6414128521686828,0.7566717835564466,0
0.9270013284685608,0.4942023090038304,0
1.95426730804173,0.213161249519556,1
0.7966394146496331,-0.5502848834083531,1
-0.5532053559659104,0.799171810592629,0
-0.9773153951755036,0.4505945257191305,0
0.0585881337985833,0.9859227256847424,0
0.41898715894799,0.9526200965357782,0
1.1658206144613952,-0.3291394239160659,1
0.8573988356005893,-0.3591435340907949,1
0.5539085483122823,0.7267700598322243,0
0.3882206463414039,0.8892891117076962,0
0.2019698921127649,1.037647640539806,0
1.75912316044808,-0.0956537858671073,1
-1.004753280078445,0.2231525619177316,0
1.7410403590859185,-0.097456050539046,1
0.3066431800020235,-0.3338090193852628,1
-0.7358294592308717,0.8888372510759767,0
1.4905496385094374,-0.4770412833555458,1
0.8259517864016979,0.3271974385522558,0
1.6331379731466218,-0.1526345355531294,1
-0.502908993819977,0.953690185738108,0
1.0433748549050756,0.3947059488817447,0
0.806610383652276,-0.3817746107851472,1
-0.7462212775965689,0.5719718532211665,0
1.486510385360602,-0.1470216837786311,1
-0.7587878862656261,0.6683677711754916,0
-0.0936629084225624,0.949799619817586,0
-0.0371378564923969,1.0012486789997603,0
1.2551912569118808,-0.4855390722119284,1
0.2807373783148925,-0.3077627438723455,1
-0.2677259497161605,0.983329888622416,0
0.1314600883049487,0.3766661388451445,1
1.9260729465886903,0.0484094442114422,1
0.1284479311231762,0.2930007510144988,1
1.1036704577845375,-0.5319795866836314,1
2.1047450468974964,0.3492388190042608,1
1.7458237132893275,-0.1387479438145946,1
-0.7053507181596617,0.7218839317227332,0
-0.8698765034271061,0.1522317884761889,0
0.3119357476417529,-0.1635322029706201,1
1.863852163832663,-0.2990950471684268,1
0.0541844769967108,0.3661366593800373,1
1.4875600800434547,-0.4003535643400469,1
0.351796329193393,-0.4086729851235665,1
1.34076932960261,-0.2934172957369602,1
-0.7581228519666452,0.7023296550200776,0
-0.5227443068442952,0.9452838737253112,0
-0.0050688199185034,0.446404281736277,1
0.146030450640432,0.9139442125351722,0
1.819466410320032,-0.2294209596265469,1
0.9775974301106448,0.2136312550674136,0
1.1107944617562215,-0.6709196216910733,1
-0.8035913497124939,0.5772294050717035,0
0.4388235325705929,0.8498556587545137,0
-0.4062352921227631,0.8848093819138124,0
0.8151563622956943,-0.5630535628105723,1
0.0425129635808495,1.01530003189971,0
-0.9928155518360042,0.121246248786788,0
-0.6703529974136062,0.8591439486204064,0
0.0304459488965982,0.2201043514339621,1
-1.113228259593941,0.1260059624621697,0
0.8332867064578352,0.6172436639899503,0
0.1225576725725448,0.1844557499073635,1
-0.6196595483809995,0.6510718626229247,0
-0.7576293952272378,0.5460861910050275,0
0.1774533527671717,0.9299511254259846,0
1.6839555073734576,0.6102372043539532,1
0.993951274029748,0.0181268753094614,0
2.1328581458120706,0.3075229817844663,1
-0.7736873502574478,0.512339653133429,0
0.8094722955959786,-0.6183681342064234,1
0.892355138715111,0.2408610200124246,0
0.6872652833857592,0.5996655820569881,0
0.212622024216811,0.8400954484633265,0
1.5537730667827847,-0.3488155589405025,1
1.084206933029814,0.3265355939733468,0
1.3275446579750954,-0.4184635906950948,1
1.9914679264915467,0.0649496767309556,1
0.1522570979502002,-0.2873180996875868,1
0.7168791117302409,0.6892193128996543,0
1.6481206624253362,-0.2991608572434983,1
1.7513356758626142,-0.2734072907439059,1
-1.016100511625604,-0.183994765792708,0
-1.039336326431901,0.4468577992552241,0
0.0532068542136251,0.5197527973027178,1
-0.1429798368669849,0.4831504895147671,1
-0.4222255807462995,0.7883930190694292,0
-1.15734314014659,0.4922647108553463,0
0.9256003312258896,0.4659865404552684,0
-0.7511553799292411,0.6639176589872252,0
1.9499853626666173,0.0182199515760328,1
0.3607390288032583,-0.1500703749854179,1
0.7167957826132518,0.788445312380124,0
1.5737184280262453,-0.3109552518682249,1
0.7945004787451342,-0.4798466972384771,1
1.4968639976886158,-0.4404274431549907,1
0.7327253378162031,-0.4217900404850197,1
1.3959919760120658,-0.2390813067569621,1
0.7488160585947122,0.6603525055889059,0
0.2533103499857655,-0.2002755315087549,1
-0.5857517015078879,0.8713156509372004,0
-0.1209719286779526,0.2069322087700494,1
1.9434068654280376,0.2907951375908184,1
0.0863103241399356,-0.0426369698824523,1
0.9706767336222704,0.3815545776505667,0
0.5301955414985128,-0.382527742034889,1
0.6877877205319164,0.6114427312993264,0
-0.8547671523426278,0.2647120401049284,0
0.1127214428762022,0.9787335909068302,0
-0.0156668373475884,0.4283015778237333,1
-0.7700080709697947,0.095554214865434,0
1.4597311552562298,-0.5793694939068922,1
0.6553238978073234,-0.4280688034350462,1
0.0397292477320062,0.8441830641470265,0
1.8285849804638392,0.1986261290502078,1
1.6622301786345235,-0.2973319829056186,1
0.2378100568945916,1.017535709834163,0
-0.0896193849903741,0.941681364500201,0
-1.074282578389134,0.0234538699089054,0
-0.8879871546765707,0.1768553041098315,0
1.5026088465991312,-0.6446303054218265,1
0.0639793485497907,0.212522336114509,1
0.7222682932599604,0.7560030736638625,0
0.5835147763061911,0.8233939121142391,0
0.1254131277623537,0.0374629324980704,1
-0.0824825224010273,0.9305973524533836,0
-1.0689273826788863,0.241367710627059,0
0.0982231601097291,1.0597580705739225,0
0.4836960388503934,0.8990729516863936,0
1.5315817544204555,-0.2642030040180767,1
0.5469649648334022,-0.3990852342181545,1
1.9102174436294608,-0.4089264186758746,1
0.0996620573382089,0.0750550078994453,1
0.6516134974337721,0.7328743548621777,0
0.8158365531572409,0.6096824905072732,0
0.6162163539062064,-0.2377855171448927,1
1.020737051542424,-0.4758795312809465,1
1.5094203036980338,-0.3858339781605668,1
0.9112149013444358,0.3071360977867213,0
0.212323703642342,-0.2400619027032069,1
-0.3094225655756015,0.9319616407867553,0
0.17105347007065,0.0464874710140079,1
0.5779218964764594,0.8166641110250829,0
1.7464913760107224,-0.3045456530422231,1
-0.1547294954268234,0.3722409002581677,1
-1.1617843350529298,0.3503940864134353,0
0.2077847512540386,0.0623380788172107,1
0.5845720613685637,0.8176925810318383,0
1.484191161302011,-0.324263502101224,1
-0.473691768700101,0.7652922710618024,0
1.1987164765017575,-0.3646611843109228,1
0.4009788319552955,0.7694097125664681,0
0.1995959022267751,-0.3842629698919488,1
1.777062381399963,-0.1935752513230167,1
-1.0596117261916962,0.3343569105904805,0
-0.1054683839211793,0.3044714365878973,1
-0.8249200691536955,0.5722344847217925,0
0.071022953095909,0.0840213374389035,1
-0.6513257060810086,0.7675658119755302,0
1.7413022536974745,-0.3758850517107834,1
-0.1032436429468995,0.0044280774353389,1
-0.7370647955654714,0.8228710487715174,0
-0.920096714351629,0.0143349230513816,0
0.0816679177527146,0.0901772321588147,1
0.9127677638188058,-0.5294357518326488,1
2.096600206868631,-0.0656175554592228,1
0.0754990928037994,-0.0343240983661932,1
0.4988772821465888,0.8694824748199337,0
0.7024933199096626,0.7269120842330143,0
0.1346378662939881,0.2599504928797219,1
0.0849636724620282,0.1692298795683536,1
0.7760245506912523,0.3684790132616043,0
0.1491222478763686,-0.2197607768178222,1
2.0344133356552603,0.3611128847585042,1
0.1677283760901287,0.0405922226380391,1
0.4862057610423603,0.9508256313880048,0
0.005398076750183,1.0587817044154757,0
1.0176564998371656,-0.5766302039210885,1
0.6206162045498707,0.7539462079934953,0
0.0762686594869484,-0.0011916932978204,1
1.76782646357587,-0.0728997077005068,1
-0.9694339263400996,0.0514283816193297,0
-0.0846312415498109,1.0228013623801795,0
-0.1288760033348124,0.4081104455431691,1
1.9650527690811392,0.5387326988673087,1
-0.942527434878398,-0.0148222033179577,0
0.7897575751866733,0.2336188214480574,0
1.8836190330536235,-0.0154239410772652,1
0.8625622307744774,-0.5801575918418937,1
0.9077415285969244,0.2060912829319017,0
-0.7494285564658804,0.3064362801079784,0
-0.3863636999332748,1.1347250741984525,0
1.8377957706522727,0.1407608651251355,1
-0.5296675490048199,0.6622246251145919,0
0.7977917752488416,-0.3534776449267919,1
0.0479965872936844,-0.0102815705933615,1
0.7457557675343505,-0.5429959206941111,1
2.017544398536757,0.3844641687792761,1
1.7735209326251282,-0.2122178594002854,1
0.2125042641768497,-0.1378594542929752,1
1.668957779644075,-0.2763628294683782,1
-0.8474791536576547,0.2777366891501156,0
-0.7322797429995684,0.4460908045631198,0
0.3116031290614847,-0.0042486062573757,1
0.037462990826924,0.1576926240606153,1
-0.3917902488421403,1.0839558275025245,0
1.2607065211590287,-0.3859222185907701,1
-0.4042648942911215,0.7797324021138888,0
0.9143670787570014,0.1902930366164146,0
0.409042933914049,0.8012508788536279,0
0.0960662779375987,-0.3358283950343735,1
1.4979473980742926,-0.283899895624098,1
-0.9332967183073706,-0.1224563120028488,0
0.6023209899041302,1.0195800210849104,0
0.3048816812530283,-0.1476653523018158,1
0.8475502156056112,0.9871458334342902,0
0.2905885229815974,0.8282413551157374,0
1.904404570809291,0.0115924577075867,1
0.5937124203671612,-0.54413266671383,1
-0.6828629534268186,0.6880655876974202,0
-0.0456580390522786,0.9603004190199104,0
0.8408477754708303,-0.5349193101841637,1
0.0925668009275024,0.0747267176672468,1
0.6942735768873334,0.7149042521598586,0
1.8527005093357096,-0.0877642334037356,1
0.5051225653065311,0.6729275614867039,0
1.684249563811883,-0.1507688216867835,1
0.0449954368017046,1.0153292192743282,0
0.5454700555193633,0.7832176455247609,0
0.2009412277966912,0.9742793499688088,0
-0.1166438119823249,0.9931626139891492,0
-0.6714146181520598,0.7599246461130686,0
-0.803525129127271,0.8390241580051652,0
0.9795328999703404,0.6072652749160319,0
-0.6783455008295893,0.8750458589205851,0
0.8104286434716237,0.661354022772377,0
1.5180054161867658,-0.2121030474888676,1
2.015615992204188,0.1260556577951064,1
1.9031629997903892,-0.0282412567919664,1
0.0103310513192419,0.3933039149080923,1
0.5140415105387214,0.9182640361409092,0
1.110843511946467,0.1263607119612984,0
0.0357742388187949,0.0180013688038266,1
1.4113599275723074,-0.4093645225001107,1
0.9681650327084648,0.0726461473293834,0
-0.4482473000622851,0.8055541749656236,0
-0.9161882159222784,0.4715095320504444,0
1.0811428904046008,-0.4337950035819097,1
1.093006383550116,0.357840143055457,0
2.02514584940719,-0.0038465728302007,1
1.1917706593091308,-0.6091725807722861,1
0.8818364820825266,-0.3772612899553835,1
0.8705684522042538,0.1362419569238604,0
-0.2360602242595806,0.9828063444499892,0
-0.3670048620186748,1.059977105551603,0
2.0593916807959705,0.2808982324971272,1
-0.7965971041190633,0.4742747482739368,0
-0.810325027826753,0.4197735944237604,0
1.7923226024465395,0.0400193427662248,1
0.0296823361967048,0.2591005390135744,1
0.1307605906943873,1.0822060691081838,0
1.037204119912334,0.2549611924929602,0
0.0977712978915627,1.0169946422044955,0
-0.9361115872669452,0.2148388250872102,0
-0.7268975018041632,0.4963682914644169,0
0.9478189646923372,-0.3864438144708931,1
1.904012273712567,0.234124173607565,1
-1.0056042900992677,0.1496016347195042,0
1.9748347778217443,0.2694914502931396,1
-0.1672521958944799,1.0102051882667136,0
-0.2736361504411974,0.9153385840506224,0
1.2170978849352512,-0.3260883834351806,1
-0.8161133396763547,0.5540743545456027,0
1.514406078609799,-0.1395806887354131,1
0.7273486379590498,-0.4499085172550769,1
1.2278193721073565,-0.5475115223778728,1
0.1266166149299475,0.1443698766783295,1
0.1688760978335536,-0.2201848473353141,1
0.9862047071443694,0.5442885241890008,0
-0.8736755210590071,0.5525724210643056,0
-0.7438445784723497,0.6984207154377567,0
0.8755933825916711,0.0607150311666188,0
0.5756585300508312,-0.3876989698564846,1
2.005250947476474,0.4056038068399623,1
1.1166052731367555,-0.6453657464364043,1
0.9459279532991978,0.1680115505182113,0
2.169424129251164,0.3334327052495454,1
-0.4995562074907267,0.864729052238118,0
-1.1245321337143628,0.0834811675800431,0
0.6481814157521457,0.7905706713075693,0
-0.0364171043274501,0.1867685911343723,1
-0.216736060916219,0.8330554990610375,0
2.0314980126607383,0.3959998311157601,1
0.0488960478989605,0.470280244486097,1
0.5612693637907278,0.921587355823864,0
2.0218288589063063,0.2360061810224704,1
0.2832273327930877,-0.0735752313011267,1
0.3625391376158822,0.9180393366348272,0
-0.8111028556358296,0.5239975883827639,0
1.7659171386346246,-0.242328539020853,1
-0.9580262896639832,0.466263212010677,0
-0.0527706141955923,0.5285491291979163,1
-0.063190214903122,0.4037349021665943,1
1.0500275635414746,0.2350727159541948,0
0.9259625363356456,0.5275529407277775,0
2.2562402475525087,0.5899937497251786,1
0.1822757552779974,0.0258996626925316,1
0.381390697394729,0.9958340470034606,0
1.4674423016687583,-0.207597821490501,1
1.7390243523604936,-0.3082836016140304,1
1.1921342676456037,-0.5829945541460627,1
0.7308296630625194,-0.5297145597410604,1
0.3522181319925055,0.904649046412426,0
0.9491867908225252,0.1921575933383328,0
1.0548792514780037,-0.6284654108556119,1
0.517950202420343,0.919487008952893,0
0.0283654462299327,0.1196955895409713,1
-0.7579557335416545,0.5477430953827619,0
0.5104266174973392,0.8772518579267452,0
-0.7625165902320861,0.5322210648385418,0
0.9755526977686558,0.2952745560101448,0
1.8271662493831893,0.1225058468594457,1
0.9464751893148368,0.0455122985336211,0
0.6382631055553791,-0.2827793567909685,1
2.0452871654729696,0.3691139884497033,1
1.5157860489297303,-0.3745005198514353,1
-0.2776270038043789,1.0466631352872138,0
0.3184762658065789,-0.2940630844474831,1
-0.69326860763551,0.5459206542101316,0
1.4683111060392342,-0.2373580561811181,1
-0.1780984869777946,1.0723699964893314,0
0.7485130512620896,0.7090951392705922,0
1.8064567780019205,-0.111090931454766,1
1.3289599932226897,-0.3975954201342917,1
1.9297571186806848,0.5317843824514432,1
1.0510265027858794,0.2162269026636358,0
0.757284715785304,0.8309248811660088,0
0.3862307564956326,-0.2467262570828946,1
0.7964437009783802,-0.3817076021222093,1
2.0440246097240258,0.4606901659739059,1
0.0046586884547801,0.0479951114300113,1
0.6387274603847495,0.8845755174613052,0
0.5163102817772836,0.8515737454144111,0
-1.078988351045034,0.3807092250005441,0
0.0299716836860654,0.0505426155119349,1
0.8513333280427834,-0.393698426956491,1
0.2517600026080938,0.8726117735629119,0
0.9406605981045292,0.1896108638356114,0
1.48993588381881,-0.1803509902420721,1
0.6746256750282732,-0.2029800028908656,1
1.7619808001562045,0.0909909756606765,1
0.1385785112084753,-0.1204071893136212,1
1.271733481706771,-0.3872253618911686,1
0.0051452376795623,0.3464477078784592,1
-0.9655487577956896,0.2910080359642385,0
0.91104038066709,0.5788529965317384,0
0.3324226572978959,-0.285597867028041,1
-0.0362232301465298,0.4260711859241224,1
1.8054401906989563,-0.1129486310362068,1
0.522642373682069,-0.2662039701533702,1
-0.9266021382328304,0.1665773420129127,0
1.2737452414517054,-0.3410130767163489,1
0.5950752343158356,0.6446400494583019,0
0.0706388780720597,0.9261963574271694,0
0.597405738807639,-0.3810059629420573,1
1.4781998817785609,-0.494854298607096,1
0.7391357553600665,-0.3236413224913416,1
-0.4199882379744329,1.0723746793398623,0
2.035582883506851,0.2262948240960549,1
1.421861634315587,-0.5257946790058834,1
0.629467564391175,-0.3059089425574926,1
0.4924391609133964,0.9835479270379202,0
0.702704380759562,-0.4279151868703894,1
0.0175951071313034,1.0443099408277643,0
-0.1996391451362939,1.160337908002163,0
0.8777337521007196,-0.5950255001682047,1
-0.2204073846819545,1.1511675325049662,0
-0.0656361372562076,0.9863771279064494,0
1.891313125448421,0.2095664243824901,1
1.9415737008554943,0.1051692344946492,1
0.2893144252250237,0.9263022100884484,0
0.6811146337439465,-0.4348249240568929,1
0.9438808706946514,0.2980166787303793,0
0.7437712997197365,0.5342424255207354,0
-0.7588788800774414,0.4780215411546109,0
2.0709601611783723,0.1601466980660655,1
0.515638776309621,0.8570443512927168,0
0.4695604483270049,0.987013227695776,0
1.4532922405096964,-0.5338144206851879,1
0.1472268990909429,-0.0479843280710762,1
1.9100727090505096,0.1940684247072072,1
-0.580257742692661,0.8493152291144754,0
0.0396670984839962,0.2805634018802884,1
0.0104538897700266,0.5522191744655421,1
1.166489290763211,-0.5367732997508636,1
-0.0067956847858532,0.3046142307381321,1
0.1166270907007638,0.9166617472324494,0
1.812012713061692,0.1496732740772864,1
-0.905409883587402,0.5604494064535814,0
1.002967921860202,-0.3678585691304257,1
0.1890529926155199,1.1500390013342288,0
0.8781491948841583,-0.5421417413509109,1
1.246043588541626,-0.484413705885545,1
1.1032429692883583,-0.0529367306792767,0
-0.4187013954882992,0.7615439976184568,0
0.8399512388501562,-0.5558346873724201,1
-0.819574710624158,0.7465347110641809,0
0.5343902346160891,-0.3388603340344937,1
1.6606301983536422,-0.0788042495072783,1
0.297313518324435,-0.0462945491654103,1
-0.381822186574452,0.977580962344921,0
-0.81529535102644,0.2142701692280967,0
1.0974333539891956,0.1136755390196743,0
0.9231107472944866,0.5125886184943637,0
-0.8320021084864088,0.5609455652676152,0
1.924109199105429,0.4259574303635853,1
1.3182627578246664,-0.3807734169982476,1
0.3418418430297829,-0.1726538750944418,1
0.5263276894743941,-0.4655977870048018,1
-0.7434180092801105,0.6937978785801373,0
1.1098249385738166,-0.6507277238265203,1
-0.4636871883907814,0.9734951889727224,0
1.0416308655816338,0.2062896077926902,0
0.0653438170974869,0.1672812299508105,1
0.9971213101753896,0.5409468164871021,0
2.031839242529416,0.1823989932517234,1
0.0087080545893174,0.644959743710132,0
1.0084747795675404,0.3286857733547998,0
-0.5192987595356447,0.9178413091950146,0
2.015081750825253,0.3708454965156321,1
1.8216309550392824,0.4079084211803832,1
-0.9657452159046808,0.5644095948946808,0
0.620639889570945,0.7426719969972331,0
0.913929261598684,0.2353333398119158,0
-0.2555619387611963,0.942968274906111,0
1.860899513280381,0.0773638052288659,1
-0.9299114510153524,0.5988888407394526,0
-0.8005992607806458,0.6529467701651706,0
1.7116499259486997,-0.2608259782792694,1
1.8788784404465493,-0.0383859478298391,1
0.3245293907659249,1.065483930204419,0
-0.311379541711778,0.9865724070201648,0
0.2738651692986038,1.091585859979593,0
0.9364572046602354,-0.6575419559579374,1
1.781841693510018,-0.103316886950453,1
0.9507557196607418,-0.4975781585962273,1
1.6837406440869254,-0.2790971475728901,1
0.632757484276468,-0.5075314076614886,1
-0.0824381050811688,1.0773614424907016,0
1.4624962720106054,-0.3201969763299275,1
0.4600416818090157,0.903942906550396,0
1.0933372011549671,-0.4971090499035733,1
0.8376813361994312,0.4727406145244236,0
0.666486002025086,-0.4889684452495236,1
1.9273947422636053,0.358302928702811,1
0.0020645955888616,0.35207103154104,1
-0.6825413050198706,0.6356505264893901,0
-0.7607837819479597,0.8079306242759864,0
0.4711632424523539,0.7698375221195044,0
0.1958111359384184,1.029328102536592,0
0.4275947036688352,0.7044288941246576,0
1.6255389766553276,-0.0128854092931652,1
-0.869169841410509,0.4425585300146817,0
1.2166533643329522,-0.3815546723109208,1
1.7088679404706475,-0.0738927110317791,1
-0.5136535878602899,0.8505462058783247,0
1.655626702088035,-0.1974607614733318,1
0.8851706375705757,-0.5343592756204554,1
0.5152316569100625,0.7866438165951978,0
-0.6309800525755996,0.7171093522153569,0
0.6047468003738979,0.6738123959931837,0
0.9879511940842258,-0.3560807394693506,1
-0.803361803667352,0.2139422099576908,0
0.1975314930100158,0.9367661470579745,0
1.097045081681545,-0.3714338857674972,1
0.714871838908716,-0.350902229124219,1
-0.1267478831975399,0.2199720788982073,1
1.3762535789370436,-0.1890484787201694,1
-0.0526914392676741,0.2962593389650437,1
-0.0112209841604315,0.9338324278297648,0
-0.7191468255302808,0.636235397108923,0
0.1502198086028853,0.1777802027914575,1
0.4742991238611837,-0.4660766914843839,1
-0.9395065446734172,0.5620991943937796,0
0.931440129689023,0.3139666920754013,0
-0.8362234819958014,0.2085347370758382,0
1.004857894888888,0.1983019893419651,0
1.6105701476248726,-0.3317436045879788,1
1.620348031991571,-0.2351676653853446,1
-0.0620254846214082,0.3244230364268732,1
0.1520479516568445,0.9775232880573066,0
-1.0664487754659622,0.4503170148838562,0
1.279491690437274,-0.4249200251288547,1
1.815636012550448,-0.0992769919087508,1
0.5073103661117462,-0.36003159479116,1
1.9706744891139776,0.3803108807212032,1
-0.1098979972873484,1.0755348866145549,0
1.888321360173008,0.1852148251658275,1
0.83590988080827,0.4306080581849646,0
-0.0371782500630745,0.1156982389426588,1
-0.7841988101934807,0.8662097594242972,0
-0.1284842511794966,0.8350647840254894,0
0.812978065640733,0.571745627836547,0
0.0447440813488775,1.0838882681235706,0
1.2122933078461509,-0.5491416449645786,1
1.0711006233102602,-0.3599024106994586,1
1.9061211429353488,0.5255241706446155,1
-0.3974849663982817,0.6830237410428353,0
0.3783756131543732,0.7781480474419292,0
-0.4627947934692772,1.0662395010715828,0
-1.1221490620429124,0.1778362496690402,0
0.1972333135041496,1.065710287695493,0
2.0714744265122507,0.2943948078271139,1
-0.6620273523457462,0.8476893830219786,0
0.934159287455242,0.0128130438547979,0
0.7035800746878388,0.7850487831875077,0
0.248468676833771,-0.0643112002273024,1
1.4348021561132571,-0.3448924203839223,1
0.87737972770492,0.6690201023244258,0
-0.0065181283701907,0.1405024659983423,1
0.391926886454254,-0.2799149187187891,1
1.3747858022151345,-0.3896955780725213,1
0.6387928495787083,0.7807475668334454,0
-0.4181268556763053,0.9929306946255826,0
-0.1036353354024935,0.8652474894009228,0
-0.2466787684253737,1.1388470749941288,0
0.420895040841077,-0.3381275817439099,1
0.0640853369459056,-0.1148642553316483,1
1.5071927753095975,-0.4458683818252607,1
-0.4253362090687625,1.0050026301886232,0
-0.1488366304582413,0.5981424899925333,1
0.8596197587530869,0.6869830888723707,0
1.9405620605492373,-0.4897218797125467,1
0.4445129286051275,-0.4235566303704954,1
0.602826883917659,0.5845337741796287,0
0.3018085707252286,0.9408962273946466,0
0.8333076865740932,0.4821619190694749,0
-0.0171787803444513,0.9619880128448504,0
0.92285541772821,0.4088357814215517,0
1.919735788265693,0.1129470243879635,1
-0.4235757488555104,0.8954945917871728,0
0.0815828028596371,0.9634093696775908,0
0.6256018848126259,0.641129219050811,0
-1.0681315605188064,0.0400491618147323,0
-0.1019693769149795,1.010976667569612,0
-0.4679290294766534,0.899028761853748,0
-0.2431036898100879,0.942421039353823,0
-0.3169220868571547,0.8782380538555296,0
0.1291828173659495,0.1636751990846521,1
1.8354498592070447,0.4221729485128607,1
1.0987879058103474,0.2738839391766061,0
1.3057691036497334,-0.5734930918466802,1
1.6832482898375891,-0.3311398941947909,1
-0.7014107001771012,0.8317131166755378,0
0.4599853819720684,-0.1560101983411639,1
1.8491837127080144,0.2003648625561633,1
-0.0953884214753447,0.9783349961147946,0
-0.7832557622431402,0.6081259790822799,0
1.899963069669564,0.3477354806655023,1
0.1413593462745082,0.2278068673242484,1
0.3989842658136717,0.9768967070082828,0
0.5030930092354688,0.8242526911546664,0
1.5495623200483024,-0.3169718517143885,1
1.325895405497411,-0.3418525193620966,1
0.4988381166705009,-0.2460014396240656,1
1.450841408700611,-0.3427587124778352,1
1.4561462801752074,-0.2647224741886222,1
0.6509913741271197,-0.4258973166731454,1
0.2785983966108574,-0.2795523580460543,1
-0.4443661311710133,0.9425601222087912,0
0.9090138321018544,0.6223820863967946,0
0.2342794377759152,-0.1210533228788089,1
-0.6888947476814503,0.7221228613594681,0
0.919789416141017,0.1268674872537641,0
0.7948760475659405,0.4435230136226096,0
0.6386935596500841,0.7720582320285589,0
-0.973059976322397,0.3908244903258367,0
0.8411604150380709,0.4277133231359012,0
0.9329676300691996,-0.6905472506575668,1
1.222121507077555,-0.4388537595724068,1
-0.2167800302670876,0.8443622125400481,0
1.143662703619521,-0.4046714181662256,1
0.5018129198577149,-0.363051598914398,1
0.9721540863094604,0.5740849216215063,0
0.4111075933372826,-0.0376687153248795,1
0.5435460485479444,0.8862693503952941,0
0.2651682919421463,-0.3372994244520882,1
-0.9750464859670106,0.145921929434733,0
1.7990525069774888,-0.097188858924621,1
1.2198820331317763,-0.6720567056222708,1
0.4307930286578459,-0.3360082435930017,1
0.0080863287152543,0.9008836405101688,0
-0.513470756628089,0.690031792068343,0
1.72544339869794,0.0925303578092255,1
0.6741243516173179,-0.3819661528364176,1
2.1078912507431364,0.4116114843198986,1
-0.5063013560886445,0.6991525469577728,0
-1.0440419541053323,0.4189215024696996,0
0.320877986914991,1.0995595673895235,0
0.2589066245864211,0.8679096110835579,0
1.919321836523329,0.4085610616492619,1
-0.8780613437740113,0.3402498516721937,0
0.100873917968933,0.9579932854503176,0
0.4133603106770697,0.955916185359876,0
1.0787567095894008,0.0912037872982743,0
0.4947485657521157,-0.2000367508311574,1
0.2220516512105683,0.8626947429675906,0
0.1201479688541323,0.1818509622291174,1
0.8807758795537124,0.56242219094871,0
0.7675776277136179,-0.4910542197660281,1
-0.450688047098877,1.02499835890023,0
0.3621543711685556,0.9689102542626328,0
0.3982395450428339,-0.3694434318547588,1
0.4296928709213207,-0.2284488176038056,1
0.4625325073829061,0.9296445230735952,0
-0.7992008696098865,0.6077108439667681,0
0.6699576582845856,0.8491605675699643,0
-0.2504126279760849,0.95812164316837,0
0.8916957964777529,0.0877966025298155,0
-0.9433656310157732,0.3052915853616357,0
1.0557998640857045,0.0216304526927399,0
0.6399216019264733,0.5546826749914944,0
0.0734613861340146,-0.1349306219531063,1
1.05808081713157,0.2521343216237551,0
-0.8526755441660963,0.4440739994042675,0
0.9258702414280586,0.3016285506778087,0
0.845891730692749,0.5154865597647763,0
0.3172408115642599,-0.4970112811506456,1
1.1783417412597783,-0.44928595616513,1
0.7311796234771823,0.7774812046377038,0
0.2351816379744968,-0.1420159452029336,1
1.0062433625853384,0.269539495837414,0
-0.4542470242888771,0.8169008416345166,0
0.6474563824238979,-0.3203020371374808,1
0.1207689713296608,0.1860492122784924,1
0.9096164871580764,0.0498477316646801,0
0.7467482899937513,-0.5351637982179293,1
1.1498888077693603,0.2484977430954185,0
0.0214304924348583,0.217683913774271,1
0.7787667723643815,0.4525155970656643,0
0.7466575752296005,0.951745864542478,0
0.9114573634694711,0.6837000109703475,0
1.499602558987483,-0.244215377665045,1
-0.2515060756351965,1.067056545438864,0
0.9736427874978264,-0.4344946923878739,1
0.3795727630900267,-0.2382032618706125,1
-0.3889961756211978,1.1341650536842804,0
0.7231551717654134,0.4134898069911004,0
1.5585936864507064,-0.316657444258332,1
1.861798955767041,0.180196057077665,1
0.1619689115869119,0.9696304934460552,0
0.2754185571428476,0.4567419718085389,1
-0.97855546736812,0.0853950784868795,0
1.3164861408399346,-0.5519962385052295,1
0.4617938542626978,0.8702385027114719,0
-0.7710644354948983,0.7842128063638156,0
-0.872697689373061,0.6126439114718947,0
-0.3290369836767352,0.635225306856203,0
0.6986245922238394,0.6155958963929555,0
0.4906338827531015,-0.3242053489695775,1
2.169154880659115,0.0131570679070631,1
0.0116450704786172,0.1473401106544467,1
-0.6554046256824437,0.8990470140050582,0
0.9720065972244004,-0.4526288467738031,1
0.9652804325807216,0.47917127210328,0
1.3896505655845144,-0.3764513417849728,1
-0.4507483547060971,0.8766891018236602,0
0.1571980821309067,0.8101387827695632,0
-0.0023545043395341,0.2459498550868017,1
-0.901468024824596,0.7025928566873697,0
1.815540904224396,-0.2197828943066884,1
-0.601172295646824,0.6978789283845291,0
0.1152827549123329,0.9577503735780868,0
-0.935625035956866,0.0624575749886886,0
0.4180107346195827,-0.4757807029328872,1
1.4018686841554862,-0.5913766692120297,1
0.0576372120612892,0.087308245764065,1
1.99738166798565,-0.1289916146246754,1
0.0840108800748095,-0.1024444925552721,1
-0.191650247484485,0.9483671094068792,0
-0.812380229016564,0.8210314067519622,0
0.0675069289318724,0.0923881132566205,1
-0.787633841576155,0.4808946959725279,0
2.043297269012619,0.5335390655900305,1
-0.0446134692696904,0.8391544336518372,0
0.8196723557889839,0.339365742762938,0
0.8143193571673729,-0.3028412052758017,1
0.7838946113688501,0.4063200192760081,0
1.8887511932996963,-0.1615063804961269,1
0.8812046490644088,0.0256221647536493,0
0.5875902737610974,-0.4168075392905999,1
0.8100207964092521,0.9504444750791916,0
-0.1286913144813566,1.1148181911036796,0
0.3967341049053624,-0.2436056763224479,1
-0.4349616665364295,1.011251295376682,0
-1.078955917311478,0.2231953392103505,0
1.2162038671243105,-0.5918308234434824,1
0.8758286904828431,-0.4067519979484335,1
0.0908741469307911,-0.1345707260089572,1
-0.235903601330582,0.9969376166033834,0
1.8138082488436316,-0.2222555916922548,1
0.0994180184759298,0.1061152553625431,1
0.8609883936370788,0.2551793252376292,0
1.3809822343466918,-0.3501051474812204,1
0.477221844325485,-0.341465989546896,1
-0.719718187710233,0.8302245085368056,0
1.4510401399676605,-0.357700754363967,1
1.9529381133094337,0.1260479572319337,1
1.9095246093452105,0.3998399588805166,1
-0.9739409399571712,0.5797143033320847,0
-0.5545255666424561,0.914747768905394,0
0.9220355419596988,0.5848305951656055,0
0.0331652404038925,0.2592013535207947,1
0.2961059555552771,0.9906171867047509,0
1.0585681157997104,-0.3576919976187391,1
1.6031085263398377,-0.4044318579692021,1
1.0387311019710832,-0.6517753514093586,1
0.7447956451167176,-0.4742921668854713,1
0.9031396967043852,0.281745412151884,0
-1.0792826178829165,0.2804852753440617,0
1.7411031623562463,0.1559053853822835,1
0.2713969241899198,-0.1586280237534921,1
1.6367889565449876,-0.4795856101926973,1
0.6537309920806273,-0.5647227786394208,1
0.2113205264757781,0.1844335699592421,1
-0.9399969268889136,0.4033457635682068,0
0.3509335418806774,0.8173993622989751,0
-0.2192091915714542,0.9966030010751812,0
-0.8825701320605621,0.2180118281978664,0
0.192345725004468,0.4948856537832259,1
1.3013277271275991,-0.456042033807659,1
0.08365050115591,0.9996713295469216,0
-0.012723616276445,0.9800125747443325,0
0.9142082889787024,0.3550535914657324,0
0.5319091411572202,-0.0087360093780763,1
0.2549492464203339,0.8947537279316123,0
-0.8678736414039113,0.7073643896696368,0
0.8057138576469515,-0.4626881777652881,1
-1.036928390337167,0.1385110758220358,0
2.053546897467474,0.0114098608173564,1
-0.7524717418728925,0.5354337721206307,0
-0.7953976308998961,0.5893220131097402,0
0.967463781497556,0.145158013332355,0
1.9765276906693765,0.4762454202007209,1
0.8172866691381715,-0.438261931411208,1
0.1444560380639378,-0.3810013999630124,1
0.6819485541988081,0.7196717654747852,0
0.2694126683235978,-0.1217946001693689,1
-0.5504395131198702,0.7448294492284082,0
0.8890040514884778,0.5539822936548022,0
1.842163810522088,0.0316918184730289,1
0.8301586320076266,-0.52836427245638,1
1.7161417936445913,-0.1906725864357159,1
0.5892397778674989,0.6818463468111733,0
1.6610826484603631,-0.6343786580107509,1
0.2166697422822452,-0.209421558701154,1
1.1071753612460162,-0.3868402992983843,1
0.0573116443535635,0.9896010846830988,0
0.4392764839955888,-0.5591686070161872,1
-0.6907249652687648,0.9615183246992246,0
0.6767020695399883,0.6250293815040009,0
0.3242428489555788,-0.0869283256559369,1
1.8279447584289692,-0.0733053183585582,1
0.5245134911497422,-0.2679270458908072,1
1.6467058291924033,-0.4147637975020704,1
0.2621722480300045,0.8347356252419644,0
-0.6611547157883698,0.5176410306385691,0
0.6460734071887302,-0.5789673397952633,1
1.0080081139452577,-0.1775489661307606,1
0.5292394746883022,-0.5284663650414756,1
1.6852785358547775,-0.1265864978884903,1
-0.2430039113446391,0.4517291105882056,1
1.829905336956667,0.0061313124898051,1
1.810311476503924,-0.0272359826315619,1
1.9247600053952767,0.0582551267012543,1
-0.0706781796517337,1.0895941644094287,0
0.0690322644186542,-0.0526522952738706,1
-0.8793897715394299,0.9423762926839367,0
-0.5374077709443508,0.6137436562778473,0
1.557345818123879,-0.2985050283538958,1
1.9154224775520527,0.1950978395233761,1
1.6562033466430286,0.0450390593788954,1
-0.9539468419140956,0.4740463366848595,0
0.0799938716230972,0.7835249970728606,0
-0.4205222573036375,0.9469380227445092,0
1.601135690837711,-0.162534349409587,1
0.0826272977761164,0.047327761543046,1
-0.7134705679393466,0.7526644731855798,0
0.4937267263827783,0.9645001538662882,0
0.060395925381684,0.3255829892438812,1
1.0271078146324697,-0.0374337006688678,0
-0.1785691971988573,0.8904015714602804,0
0.0428193018440028,0.1536216864333497,1
1.949887005256012,0.3158414223255025,1
-0.9364912658643006,0.4951482913869353,0
1.5655534135017803,-0.2148005604845269,1
-0.7987535185459295,0.3998238491284116,0
-0.6579156542013314,0.6955802638149221,0
-0.0090648778050709,1.0475342656481388,0
0.7727000324126013,-0.4940389852815491,1
0.5628427350190317,-0.5968014094912828,1
0.963262700603768,0.3388854852483212,0
1.2555212401338811,-0.5591414897708327,1
-0.1482229968422892,0.9705930332133728,0
0.1944410607097327,0.0539070990212765,1
-0.5941027716023195,0.961893656277562,0
-1.0908349951687482,0.0571557162674142,0
1.8843079320735148,-0.0403721317615083,1
0.3156871774662355,1.0462707351456182,0
1.476499016851064,-0.346707333450841,1
1.112622448506981,0.25020955535282,0
0.88782150841288,-0.5156214616830338,1
1.9479251459590412,0.3432826976256584,1
-0.0858438502228994,1.01777682455028,0
-0.1708937250294414,1.0131277567478836,0
0.7961403027329476,-0.5118319749633231,1
1.5772238859030454,-0.2754666223286006,1
-0.9216372190742372,0.4854723073160146,0
0.96709928666268,0.19161971298768,0
0.7677148984356317,0.638336357621674,0
0.0571495483498655,0.2944232924670628,1
1.502773898473804,-0.2295389635819294,1
0.5485898331633106,-0.2157040586434861,1
1.0242860331456307,-0.4221630654489418,1
1.6864835085161287,-0.4000938566233085,1
2.14374699371272,0.3359425848886012,1
-0.9167407887637612,0.1866057703260934,0
0.7109914905835137,0.5454862015427375,0
-0.3430748838586526,0.766568246491549,0
1.8358276235354567,-0.1351316862343378,1
1.2583819683744784,-0.578352126864221,1
1.680055001897341,-0.6527000132626828,1
0.2446366059970588,0.8199577598742996,0
-0.7873884581986309,0.7186557783987956,0
-0.7812117697798233,0.2023476139533324,0
0.6793810068769398,0.9487774581715944,0
1.7055965688105612,-0.1109827384326902,1
0.0853914779682937,0.3235771207002035,1
0.0178594054512748,0.5747994223026452,1
-0.9308501189422788,0.6900832503100041,0
0.2417980402138187,-0.1497050319298653,1
-0.0957637854360258,0.2834021143945444,1
0.859563869322101,-0.3017878424530269,1
0.9433413188774372,0.2334332633521125,0
-0.1503630723334987,1.0510879742717387,0
1.152590531475178,-0.5540886940910753,1
1.8013383431061152,-0.2414317944118885,1
1.674077029091774,0.0949323254036256,1
1.0801722196049397,-0.5138528230185101,1
0.6844890564614404,-0.4283768849719004,1
-0.3014125398496995,0.909878812521962,0
0.8168672185430517,-0.4316604835500794,1
1.3520504534917528,-0.4619509059224889,1
0.0125636642481005,0.9551308016791992,0
1.021678073668542,0.0863868121694531,0
0.8925634045045159,0.3869117420003201,0
-0.4414903507534812,0.961185663287777,0
0.2826846668273236,1.018650860573978,0
0.2061969533547069,-0.2750741741932389,1
0.8138110708707386,0.4640867362320999,0
0.5246871316728303,0.6589254154915761,0
1.908323591900897,-0.15220365665586,1
-0.9841973389869624,0.2535318603721074,0
1.0527431438282486,-0.57191821656655,1
1.058514164683773,-0.5414068546751065,1
2.013643767280115,0.2779461309482093,1
1.9001522451384312,0.0713645508650946,1
-0.233754974304241,1.1493387252583878,0
0.6434968795843539,-0.3112665671981667,1
1.766476140034268,-0.1001831767647944,1
-0.2077127731201509,1.0621912036494383,0
-0.9660719571950014,-0.157969668437911,0
1.37083886894364,-0.5657120176440565,1
0.7094742107945909,0.6673137388766076,0
1.89798496030744,-0.1097757680194318,1
0.462605856956736,-0.3442901240331411,1
0.5634666435530121,0.6732632646508981,0
-0.2957656041780905,0.9274227691771924,0
-0.0177023929113861,1.0674505372135168,0
1.035116988168136,0.2788287441848708,0
-0.6503293869450931,0.6021884354418613,0
0.6572844696229524,0.7579797113135859,0
0.6924469646184938,-0.4863452078813184,1
0.5624805148244258,-0.3771984829211525,1
-0.098322891147333,0.2694612781005369,1
-0.996132863703734,-0.0389953471451886,0
0.1820667017275288,-0.1851146671604551,1
0.0971519852002352,-0.1390826359670288,1
-0.0567313645491088,0.3412815034198421,1
-0.739366947922174,0.0201513940291143,0
1.2899022433227254,-0.4782150619281032,1
-0.4216014648323546,0.8966320677148742,0
-0.0518909548968313,0.465842739416753,1
2.097838563755557,0.3420876789381796,1
-0.3749067552643808,0.8111614536911973,0
0.4276546675406993,0.8724323802028985,0
-0.8140479329792841,0.7563330425039549,0
1.3876668469587294,-0.4521679216780276,1
-0.8853133210862747,0.0449309640417629,0
-0.0080330750833804,0.8218643464158805,0
-0.5160460281824926,0.8962829247883395,0
-1.0702471247568726,-0.0214143356612984,0
1.94592319207147,-0.0838609473901318,1
0.9883085443674108,-0.46709921111112,1
0.79186168241625,0.6494694197336235,0
0.2128479959328611,-0.2612885154223244,1
0.6373782027375492,0.768648039337299,0
0.7938538363192892,0.7561559063999198,0
1.4455718620156133,-0.1846005885488701,1
1.3379984888652143,-0.4861096529089367,1
1.7357527481857842,-0.3193180058946901,1
1.701260826737795,-0.1582596680684344,1
0.8651647233597318,0.6616470531860974,0
-0.7763005409803505,0.3491661027839484,0
0.8161644753116646,0.4293818962204904,0
0.9627510762449624,0.109774583358796,0
1.423378095034421,-0.4001849346032454,1
0.909764697308648,0.5891835651744324,0
0.1312176637373509,0.1980502045296629,1
0.5959705965481725,-0.4726871026939392,1
0.8594823361892348,0.743191921763088,0
1.862900079532498,-0.2319783302673003,1
1.8768592556771004,-0.0795184427180224,1
0.0415223689416444,1.0258488054045882,0
1.4246727238088062,-0.4497596119020447,1
-0.3812044336460775,1.0085962352640208,0
-0.4628775225156794,0.728294940714013,0
0.3892153165658232,-0.5893726391485045,1
0.2762053457306889,-0.1003691264594638,1
0.0941089209999444,-0.1482475186791229,1
1.617999287745365,-0.1960261339795633,1
1.632660544315129,-0.2934817246122961,1
0.0786041473936431,-0.039255008752254,1
0.7184889608822774,-0.356330294251964,1
0.5007151851741964,-0.3606287075494478,1
0.7280421261962302,-0.5983677399810859,1
-0.8720346120382328,0.5935365161238738,0
-0.8819379111389368,0.4210247180276349,0
0.4866473244824772,-0.5292160132213656,1
-0.796133686214386,0.5984570146610723,0
-0.9164285275184674,0.785412905571867,0
1.475670960933652,-0.3550165912188553,1
0.2713958772776146,-0.3935760662489339,1
0.6912028981850168,0.7408610757158418,0
-0.7579224587473827,0.3423033108063192,0
-0.1626382870971834,1.0186186774396513,0
0.9579806360909944,-0.4383559918784254,1
1.6719081103120648,-0.4597086934397823,1
-0.8858935874903842,0.5008355158493556,0
0.4981679114355968,-0.1970596498929774,1
2.006441173328815,0.3445170413717489,1
-0.868755688443128,0.1696718759133846,0
1.284504095893795,-0.5736325949661263,1
0.8675903452363241,-0.4212953735145334,1
1.1350569739190428,-0.3117439888779838,1
-0.20231693161036,0.1778755655037122,1
0.3576116546031339,0.8282519299158161,0
0.362691467378834,0.8983270736503738,0
0.6743856508222985,0.8575810625820978,0
0.1446316834876451,0.0121532142854878,1
0.5820332886065116,-0.5047902140106177,1
-0.749977828930027,0.6429005063602445,0
-0.6873071500956419,0.5706304245409314,0
0.1189293576693009,0.2246587741212369,1
1.2902891776840526,-0.4919523066927731,1
0.7793413804281407,-0.4930923624963693,1
0.77789630716754,0.5452065962326988,0
0.0167129678668736,0.5921381421589864,1
-0.5840972170204212,0.7412039942380428,0
0.8816131643409285,0.3277591954708531,0
0.2745419572245393,-0.4029904498289924,1
-0.0235101961719486,0.7088600584050841,0
0.3828974956148764,-0.2900963488268888,1
-0.7870737344143088,0.4380201811836579,0
2.042202316163729,0.3619718019146165,1
0.203248492795791,1.0002819596965018,0
-0.8223939416725499,0.5402161604847107,0
-0.0571860813655989,0.9235896271346852,0
-0.895205399737588,0.4608376959314387,0
0.5482903449319338,-0.2913556420534,1
2.0767844878707917,0.0865625857737284,1
1.6131247092600742,-0.330315240261067,1
0.6836640114226685,0.7679383718999278,0
1.0177885913362514,0.4125590508796247,0
1.991754154346076,0.015063274616304,1
1.1890747576013168,-0.5710452063388591,1
0.2710728802247057,0.8426262559187322,0
-0.3450488675747734,0.8346248358517212,0
-0.2935436799525422,1.0678898492662925,0
-0.0021490319821448,0.1160910700263418,1
0.7780210587167709,0.4581669652973498,0
1.2924126100093254,-0.4722341382204148,1
1.8897672631891225,0.6251038096293688,1
1.630059901864648,-0.1574320168655268,1
0.083168813525735,0.1916164978114244,1
-0.9851513003560548,0.3814246668457013,0
0.8188636940852507,-0.5667426652963471,1
0.5573488532207143,1.011476546908149,0
0.0599427337307971,0.3773863667280457,1
1.9015770146973945,0.2809127660078908,1
-0.0698497882804843,0.5695010674494351,1
1.9614221943906824,0.2391641769853837,1
1.73374369877113,-0.1265770837347569,1
0.9825871729816624,0.2753581285570177,0
0.3019149874521281,-0.088681895479632,1
-0.942501435003658,0.1401462666096635,0
1.8049043156758928,0.07836741513231,1
1.5848670109920562,-0.3741426720092458,1
0.0506487168475795,1.127613965636087,0
0.6157130880485466,-0.3653612197729203,1
-0.0560194681023177,0.9412852550584244,0
-0.883022735748978,0.438902471022548,0
1.8396311220476893,0.0113590283519578,1
0.7035484237339928,-0.0153694504254897,0
1.8149255134651905,-0.1887939751212865,1
0.8613266676051444,-0.5378997768615519,1
-0.7689170855888221,0.6607838494196087,0
0.0064586467116102,0.3254977847998841,1
1.144042602716649,-0.3359109832515584,1
-0.3376022420029554,0.878423055847578,0
0.3705206636746533,-0.2612919313494862,1
0.2826420589621816,-0.3174062505234587,1
1.791072615840959,0.0258841973957098,1
-1.0171434360792873,0.0585490050958339,0
0.3934774082478677,1.0017227605163794,0
-0.9145234673091864,0.3024471858378855,0
0.0152891631866643,1.033938289276806,0
-0.2583294716587818,0.935935835417816,0
2.033088124858221,0.5024348019829091,1
-0.3247283366888825,0.9865928224452588,0
1.0013454456957511,0.4374420248947627,0
0.7956506299172813,-0.3943560773535062,1
0.8009594650688264,0.0889708358267409,0
1.6580963317313373,-0.2351494999067699,1
2.0633202339052468,0.212616630400833,1
-0.94972556040774,0.1220536702674158,0
-0.2974517805850493,1.0445264984007785,0
2.079169050459425,0.3018275714465042,1
2.113408375991591,0.1666398863521502,1
-0.5446482891147741,0.8837971262627671,0
1.5867880154330185,-0.3191814196246006,1
-0.5648628837552252,0.8907560065109341,0
1.6919775427849162,-0.0931170284270939,1
0.5146012295078217,-0.3205377643442623,1
-0.9374310806922332,0.3850017469414317,0
0.576750199253181,-0.2554089499879245,1
1.6814893821095651,0.4164516790992921,1
0.7274742987751556,0.582450778096426,0
0.8266021182649697,-0.3937080174117222,1
1.0222461636006603,0.5506666143189747,0
0.3123769752422004,-0.5376027782425964,1
-0.4100336877970149,0.9045128579898556,0
1.0857730830382315,-0.5113055928551713,1
0.6154169281606783,-0.207535762415893,1
-1.1092379900667797,0.39072358155881,0
1.859035336634514,-0.1798842563107168,1
0.0393697325411778,1.0779708952818965,0
-0.0093377701201801,0.1914780586307398,1
-1.25147039795423,0.1717590419505784,0
-0.8669943004049764,0.5303726623306986,0
0.751946866827443,0.5037264871828873,0
0.2904085403014215,-0.105648016374898,1
-0.0028943572128495,-0.0329295486301439,1
0.7316150473062754,0.6912453788393764,0
1.63093597946864,-0.1725225185566941,1
0.9678977472801494,0.2863786964175949,0
-0.7724166183100941,0.4114052672318434,0
1.5238492240823376,-0.4613916965774635,1
0.2485499566472471,1.0478859992203151,0
0.0690630629926728,0.4698616516610842,1
0.9013079283987648,0.0050859151319281,0
0.978112751547908,0.3625992335688617,0
1.239644439265414,-0.4167906062049764,1
-0.147363177554981,1.0486115434415244,0
-0.6606471457329978,0.6255284381292037,0
1.1307490711002457,-0.5741133871084894,1
0.530555822365257,0.8405535553251581,0
-0.7963664450109602,0.6004686183002469,0
0.1586514223539876,1.0562389568962118,0
-0.8122496355568705,0.4794785673268091,0
0.4478715629688388,-0.4117122415908499,1
0.2611963935380157,-0.0613989570524769,1
0.649737487950158,-0.4192380888367856,1
0.7855102674893805,-0.542462067979352,1
0.199773751056667,-0.0881091258949733,1
0.8645200129251311,0.2381835288948259,0
-0.6172180759518714,0.9832419223091148,0
1.8508304612230355,-0.00176530491425,1
-0.0060931481809138,0.0894002838824524,1
0.2648076386604045,-0.0633785990277154,1
0.24250870673358,-0.2573293599229938,1
0.8561372739326827,0.5189812042099897,0
0.2089360673889985,-0.2426222425859594,1
0.9713995546488348,-0.4727903405675597,1
1.6269495328574148,-0.2128789140912686,1
0.7006226366044233,-0.4893294293543589,1
1.9195800206008191,-0.0202549843183491,1
0.8745033659502429,0.6065126478785964,0
0.7472418324127632,0.556005491985889,0
0.6246639655687448,-0.618445673436685,1
-0.872751416756108,0.6124308409112298,0
1.9132329961513452,0.0813234424086133,1
1.925133693980308,0.2528616341655807,1
0.4207856043836633,0.9418511482086704,0
0.4751346664755708,0.9423505660854112,0
0.9095026482984656,-0.4129922562994778,1
-0.4686920146693774,0.7363157273556131,0
1.9998824300117668,0.1033182142988056,1
-0.1082939146301064,0.4227844766330019,1
-0.8933800602172739,0.3341070049229269,0
-0.899460140912633,0.5856101986977691,0
0.5427955415255002,0.8089317252102524,0
0.0189283716198169,0.2820761123885444,1
-0.9401031554917396,0.3942602536521963,0
-0.3646588686718457,1.140053767489395,0
0.1888037194284116,0.9614273103688422,0
0.0243773638614247,0.9602263055857428,0
-0.1282291283152506,0.9442520363677313,0
1.4525514471556475,-0.3299661399315635,1
0.3533934993096482,-0.5015899477982524,1
-0.0879154889039564,0.5723270737443577,1
0.1559926882232367,0.9475957556039908,0
0.5427192493402171,0.7965523803157266,0
-1.0495202939981485,0.2726245888437897,0
0.969950811726718,-0.3796395370065779,1
1.4738007544495697,-0.3470416636538143,1
-0.2948035701949956,0.9072828318940676,0
0.114030971030045,0.001718392237054,1
-0.2634567761245298,0.9177168449046536,0
1.35745434457744,-0.5504296639024626,1
0.1468055346671667,0.1104227836650992,1
0.116439514670186,-0.1007178265176879,1
1.030289143710096,0.2026684414620193,0
0.9977092459835056,-0.5443767807257999,1
-0.8076873006843511,0.6673237008723374,0
1.3623920432479146,-0.4968301297278028,1
-0.8274052593755749,0.4720267501670593,0
1.873550382654212,0.3462728750417458,1
1.967277247788858,-0.0823855573030201,1
-0.838996601243305,0.7565232397912864,0
0.627597049110317,0.5116593202460868,0
1.9526965200674744,-0.0896819287260194,1
1.019897726654501,0.0150677945755135,0
1.431610273175009,-0.4937226472085075,1
0.8458518762507191,0.7048411390841605,0
1.0055392389697806,-0.4179281827697527,1
1.312581256480884,-0.5053442568693306,1
1.2472259135663133,-0.7492726234676459,1
1.62797041300565,-0.2393891399559427,1
2.045099175980237,0.3845694234397953,1
0.2586828037407441,0.8402373566713714,0
0.3064683875351657,-0.1656824836610431,1
0.3676103477099233,0.9933643072120644,0
-0.9427817869411412,0.2837218882390819,0
0.4970339452247264,-0.4524058697305298,1
1.0402166280330478,0.2536520080208252,0
0.1526360163713456,1.0051678117207978,0
0.5235840611056191,-0.4663825912882706,1
-0.725622092678236,0.9379033138304104,0
2.160371108341667,0.5910322419116072,1
0.8888809228596567,0.3274380839038936,0
-0.3850363750164616,1.1638548806647997,0
-0.1552073592577662,0.9793179184013644,0
0.0221722903129703,0.5899833313968547,1
-0.8485266963930704,0.1878479868866361,0
0.3170392074139749,-0.3026393413783323,1
0.5535451182289327,0.7120542415023803,0
0.3171512066796864,0.932320471530487,0
0.2254945888276627,0.8294910407341263,0
1.367593077707188,-0.593607137568137,1
-0.5039057101200621,0.7516582313070401,0
-0.6844124780479308,0.9620860611199272,0
2.006934001988543,-0.209515869408814,1
0.9200149135734716,0.4139949731895797,0
0.3497908445334932,-0.335092830811115,1
0.4143317487405913,-0.2558649420379573,1
-0.2664756611814186,1.0775840272994874,0
-0.9327155905154364,0.4328010885411452,0
0.1746452293646588,0.2054250247075352,1
1.811518257126984,-0.0403453846772275,1
0.1989908644394306,-0.3291061336197977,1
0.2964422746847209,-0.2429839688306588,1
0.9685834419586844,0.4248883939123618,0
2.0618955449915783,0.3267072749056924,1
0.482243957163898,-0.2194493838605303,1
1.8049340770843671,0.1858677397845525,1
0.8219276516340368,0.0319134137700158,0
0.1483291147525835,0.4178845495444779,1
0.9212026030845506,0.5963412791810465,0
0.0563961573639245,1.0206240782609972,0
-1.0718380837984556,0.1512293792265088,0
0.6331097361772655,-0.4795045810310809,1
0.497209119289749,0.9273481275081982,0
0.7125426741290362,0.8634206347352025,0
-1.0743374056308024,0.4537108194141253,0
0.3411997931285563,0.8881109816369449,0
-0.8451749873277806,0.4777432611809926,0
0.8852906599604493,0.2519302733545232,0
0.9609849483779836,0.4888188398462058,0
1.896874066580344,0.3182984126922166,1
1.926756709517248,0.093404004485726,1
-0.9083374151937206,0.1457849416019062,0
1.014980590468447,0.1950316757133363,0
-0.1637724345058618,1.0027455913633812,0
1.7445063751855692,0.114498711888631,1
0.0889189996801479,-0.0703164594870566,1
1.3868572737306823,-0.3328591274550365,1
1.0060340967925654,-0.6397019878729746,1
-1.0601030240739782,0.6521731792524232,0
0.7453853543199629,-0.7996795749715075,1
1.6036961968570027,-0.2104020290254373,1
0.0060370101118533,0.9823158534390236,0
-0.8646227355637943,0.2003959072545365,0
1.7157615686303744,-0.4219181943095569,1
0.3209216109010294,-0.1197384992043407,1
-0.9780224157783164,0.2827119063550891,0
0.0800411736389615,0.132957245313695,1
-1.0161795593171643,0.6151545040116535,0
0.4763813085442637,-0.2618272530413312,1
-0.980399811800092,0.3152377491634487,0
1.3293631702126054,-0.422043584050003,1
0.8785951484869133,0.0446889023654296,0
-0.6656333145647577,0.7940277712291051,0
0.2117139722321581,1.0422924447567636,0
-1.1558628733173242,0.1666803420552674,0
0.7780196808713223,0.747900753187988,0
-0.9409263164436302,0.3627652445095302,0
-0.7852752302131168,0.505674643825668,0
0.1434972666590345,-0.0764369537755833,1
-0.9850921109038404,0.0036394620325329,0
1.192061820801668,-0.479284008889149,1
2.133019491315724,0.2932805145719146,1
-0.0409776457456451,0.1567589824414928,1
1.9752458231225785,0.2509805803787434,1
-0.7209424806054989,0.6075669118480617,0
-0.1223804825374465,0.2884715886965592,1
0.3984128573892025,-0.1790440153189257,1
0.8034002999398365,-0.5602733882290661,1
-0.0088583680407069,0.954122544366558,0
-0.824244545905771,0.5722095294581114,0
0.4337311250772397,0.7933425489666851,0
0.3839499809621601,-0.1673396784769862,1
0.145735381904863,0.1245432276476673,1
0.2007234785373282,0.1066364381155193,1
0.0044531646954714,0.2240268775119286,1
-0.422079554807429,0.7263434169505316,0
-0.3215116815247369,0.8643154092539765,0
1.880459019003339,0.0895780335540408,1
0.8591963015027555,0.2241183994377384,0
0.3672421316813631,1.03464701830437,0
0.1370478257653581,0.3912459447684109,1
0.3925128371215294,-0.2876313812131857,1
1.926285969715736,-0.0566241818920053,1
-0.3147862569708299,0.8600185653255379,0
-0.6563563878811086,0.7930595072722684,0
-1.1227870886276918,-0.0579408705050371,0
0.6973274476029152,-0.4264590690949104,1
0.982690813109625,0.5712440007098634,0
0.8046310080783532,0.4748261449714956,0
0.1585933322386527,0.1856740592330206,1
1.2463432252375386,-0.2705792093461104,1
-0.725921531209119,0.4396235127438541,0
-0.9363995737717627,0.2441123398006589,0
-0.2741634691251247,1.165425666431442,0
0.3371458041631575,-0.0456699985021263,1
1.3888325177818244,-0.3054166827539546,1
1.918335606102247,0.4563250689094467,1
-0.5564215224932065,1.0476480830979484,0
0.862122162601695,0.1167992618724747,0
-0.8659164053713613,0.7289883296872901,0
1.284510487376771,-0.3923875853164557,1
1.3279671870922312,-0.310565613564251,1
0.755026840918035,-0.5051376956655663,1
1.2350872715499184,-0.410334651670288,1
0.9713457342126546,0.1040458314748472,0
0.4502506167835103,-0.3174752549129105,1
1.8348856274298488,0.1166052637157105,1
0.6800842001803641,0.6874631471580803,0
1.983273164403004,0.113450738293284,1
0.4261575507319857,-0.4939302394170609,1
-0.7949530981796058,0.0054341271795617,0
0.1221916676058644,-0.3727700198656655,1
-0.0236122115096323,0.1083980850209237,1
-0.7120658700049513,0.5452001916325914,0
0.4045303806127188,-0.2611343691113411,1
0.6672782387141598,0.4228993741040909,0
1.0812176342694917,-0.4152806632035326,1
0.4817873905852978,0.7689240701024086,0
0.9386894023491694,-0.3902950890392682,1
1.052289208653414,-0.6036743749462419,1
1.027545784886589,-0.0032371031100536,0
-0.1141777926028723,0.381270799988564,1
1.2502745514375846,-0.4154602722404287,1
-0.2233657673204132,0.9235513739791014,0
1.916341659281099,0.2658523141954937,1
-0.0651549136111726,0.4423138527785628,1
0.8262727509066006,0.3186669299702865,0
0.5536127201313641,-0.3730371532783424,1
-0.7247656735074043,0.5614271900788121,0
-1.006985096181046,0.3369992079510681,0
-1.1752163266678934,0.3129730878645085,0
-0.8099560715258843,0.6283753610821089,0
0.0130092946111615,0.3868946798594644,1
1.9023433914336825,0.2043507995037929,1
-0.5231241877737223,0.805979399037629,0
0.4716018122372867,0.9300904250282364,0
0.962559879369611,-0.4511407686610231,1
1.8561013410244056,-0.0934859378156407,1
1.066796454409452,0.4509718999505028,0
-0.8271617003566386,0.5552533964505285,0
0.8274103860910477,0.6934960652463029,0
0.1214802440898899,0.1544256273384695,1
0.4062617544519692,-0.2937910136222414,1
-0.8418236403879462,0.1824128601113004,0
1.0617333203009836,0.0941975480906288,0
0.716537796793302,0.6621204082831772,0
-0.901861563363198,0.0453735100189029,0
0.9758847462904376,0.1207261137075673,0
1.92581995860414,0.2102552031145558,1
0.1191307730663974,0.4129737736208752,1
0.0922167364081854,0.0590216184857082,1
-0.5315297365081295,0.8227333429355532,0
1.6092240898482848,-0.2159363111840354,1
0.7107779893378823,-0.3394995532977253,1
0.6549532075666837,-0.4238872028157316,1
0.4717644071454,1.0098002257568053,0
-0.1982455894050406,0.953081719030584,0
1.363041221672527,-0.3102924950615251,1
0.954658777245965,0.4461907683366803,0
0.8926750461141215,0.3127411073942666,0
0.0427152631156964,1.070841124509189,0
0.4215054482669115,0.7051512175803907,0
0.6584329991224408,0.8386132603049831,0
-0.3634678686175724,0.8408197874859813,0
0.3984694873687716,0.7688081640887537,0
0.1592603298302942,0.0941840443031691,1
-0.7719128602040025,0.5802416346633894,0
0.7948530503060308,-0.512268000104038,1
1.026811592439752,-0.4871497577277514,1
-0.606505041626031,0.9636775507235472,0
0.2192344553556321,-0.0704805305011661,1
1.8750840281105765,-0.2058391212307229,1
0.2352506377146164,-0.3108069290137852,1
-0.1280816726100792,0.3852643101142093,1
2.027734996674284,0.3799194864084415,1
0.1579260236704397,0.9414470160856464,0
0.2482216197551561,0.0777293529586617,1
0.5231804371369791,1.0360039317134042,0
0.6719079505143598,0.5689459262839965,0
-0.8311521402861353,0.8641438203134891,0
0.1026118653809552,0.9000422233630027,0
1.951573804301292,0.4175768950871955,1
1.9512141422322529,0.2570462226535764,1
1.2637425824019195,-0.4220811195585703,1
0.1706403328675455,0.996780977388202,0
-1.2259671562317251,0.3070811151401979,0
-0.9243289271727418,0.4706772983720131,0
1.6305645483400522,-0.1779465805884008,1
1.0923562090430552,0.0771625104549768,0
1.2255206659298397,-0.3606934157561916,1
0.8648807628105366,0.2677099691718875,0
-1.0238904215897149,-0.032773359305162,0
0.3774423512368633,0.9102392274961864,0
0.4800000361571174,-0.4300416649149081,1
0.9698952907272552,-0.6048680912737262,1
-0.3023127244637689,0.8988511934821699,0
0.1409918363727925,-0.0989255859246,1
-0.1958917939128527,0.3391323367337635,1
0.434474012005223,0.7695254037278483,0
0.0104923476052072,0.309097373144997,1
1.741733418896421,-0.0285739398725404,1
-0.0638110592482816,0.2018665769858617,1
1.141421229369571,0.1909900310274011,0
0.8836215090326314,0.6960279262519599,0
1.7695561224797394,0.2239104131284978,1
0.7396224556191497,-0.2842473745278199,1
1.912214525114621,0.1693388688553681,1
1.159246091386387,-0.5592739733891215,1
0.1900129759626226,0.2916342800467127,1
-0.1413663579591813,0.4103475615586568,1
-0.5060788256525351,0.9653435081337788,0
0.9498788741613804,-0.4535457013561264,1
0.3662143584080868,-0.4744105064092387,1
0.4173993537046883,-0.0654361144874055,1
0.1070257554933295,0.2522204905075415,1
0.0876458695044019,0.0866763688159018,1
-0.8660489869314324,0.5859229838867807,0
-0.926564868661294,-0.0921003890084527,0
-0.8026659957892756,0.6662461360285336,0
0.3509996056273592,-0.2899983634965261,1
1.1117176644553528,-0.5308909212866368,1
-1.0107717350961876,-0.0008889707719507,0
0.2472030182601532,0.0661563611792742,1
-0.8102632796923231,0.7542478219581976,0
1.5669512729775774,-0.2268964776290556,1
-0.0664365457575646,0.9271072161566144,0
1.4050255750073024,-0.5867227363910025,1
2.0131891901254,0.1274333917042711,1
-0.3959818588793154,1.0993885405013228,0
0.1874181698429349,0.9501789752209132,0
0.8260755264612627,0.7049917390485041,0
-0.5862983178842339,0.7634295272476481,0
1.0434189404011769,0.2480510393538172,0
0.78878451948027,0.3205299988280107,0
0.9297860564272868,0.4223398143182791,0
-0.3485393626513521,1.047110769047014,0
-0.016509979525693,0.0245184473223203,1
1.9007608878243207,0.1108892301661043,1
1.0048377527270715,0.4600051173563221,0
1.5423722948087684,-0.3428441115408833,1
0.9055407890364088,-0.4991959004657219,1
-0.9137846498969516,0.3659765740544711,0
-0.2547637120094254,0.9062139080949289,0
-0.3083299349916983,0.9034937064007384,0
1.8772260357730983,0.2764206596717285,1
-0.647072542546478,0.8621285881508884,0
1.100803234575655,0.2050421328095799,0
1.89081192044772,-0.2442984234423371,1
0.7565547880917535,0.7982889923134127,0
0.975996830583319,0.0335165454450708,0
-0.3735553805079738,0.8532668051555617,0
0.9895205353226416,-0.0827771970857138,0
0.3735238110363971,-0.4423101862724619,1
-0.9836838318669522,0.0683783707545843,0
-1.054185954260787,0.092235957808248,0
0.6436619124565062,0.7570240705569626,0
-0.2212237967193819,0.9710109499740396,0
0.561136074833119,0.7367109259667134,0
0.162703684090762,0.9567739239379623,0
0.2485115167689749,-0.2074422488460558,1
1.4119198972502478,-0.4233223390693221,1
0.02908444314051,0.2269301038198413,1
0.5710634466591165,-0.2385148873221783,1
0.8169244893846807,0.541693634287789,0
0.1362451769386687,0.1398475884425022,1
0.4666561910679511,-0.2852873491341716,1
2.043439501918884,0.3478956042531314,1
-0.1769890373969208,0.9478377492313096,0
1.0071217032741957,0.4801861147572188,0
-0.5419001314442599,0.8002650509260921,0
-0.7594094855009608,0.7572553730093254,0
-0.3386132073968075,0.8597137936695036,0
0.4277701783177257,0.855239861293344,0
1.2527016405618834,-0.6373436698549861,1
0.4470093263256626,-0.2323788662307731,1
0.0619175785115612,0.0237487286537725,1
1.0700833310728746,0.0289706628235965,0
-0.0624085881488176,1.039326747817673,0
0.28697779697849,0.9432100415500262,0
-0.9690046907617516,0.1717488639617702,0
1.7536495608226856,0.2664295132125182,1
-0.698506586170164,0.7382662050897421,0
1.8280380622723096,0.0353046636153873,1
-0.9247478270023712,0.6757907483405242,0
0.503861491679066,-0.3588336568306705,1
1.7647850761232204,-0.0024908268398123,1
0.3558207916018921,0.9137534111394932,0
2.0132353782313395,0.1446255719710356,1
0.1987147947424059,0.2754456247660261,1
0.3921526731450458,-0.2353258432733578,1
0.4109363297181251,0.9408807147397614,0
1.6331038481202629,-0.3710742415059349,1
-0.6394026738690167,0.6903690594537218,0
0.938287226803547,0.5262196003495836,0
1.352677827756963,-0.4276090846792293,1
1.3834027854044948,-0.2983381214496396,1
1.1794914106454044,-0.5203626582811822,1
0.5712148430129403,0.7525741581755936,0
-0.0379669727207399,0.1871679871116835,1
0.2109377959770182,-0.1830498545019604,1
-0.0756174730619162,0.5436726045853513,1
1.2366244033901923,-0.4642535083744014,1
-1.0045684252925675,0.1754148837707725,0
1.8686688907264737,0.0717365742845746,1
2.1276857176912825,0.2465920400967579,1
1.9326508785627687,-0.0252040142037554,1
-0.3841735321414247,1.0597541705105928,0
0.8225474550776635,-0.5338267040503083,1
0.3754766150683482,-0.4297802865641577,1
0.8113811981944818,-0.4657316109290839,1
0.8241202621979598,-0.537450731039211,1
0.4453757154836092,-0.3124332242091931,1
0.8535341160439792,-0.4757009117827189,1
-0.8869776961233082,0.4946365416924669,0
2.057397763289801,0.2636367543354163,1
0.7460816272766495,0.1539542970141695,0
0.3936949465493433,0.9589844770086258,0
-0.522010121913897,0.7703590817956483,0
1.5754721651914536,-0.4859429852012191,1
1.3685423825321277,-0.5313786602097466,1
0.982788797672632,-0.4052032546019538,1
1.485879350633438,-0.5333032188887616,1
0.7413798319943914,0.5931530306660858,0
-1.053198256532368,0.4455331491388893,0
0.1855607205168806,1.0250087383605535,0
0.9355195428504812,0.2315023571408749,0
1.6943244634023078,0.0581935703099626,1
1.3050758818534716,-0.2445130632994394,1
0.0480991072840087,0.2809913528809038,1
-0.5865789250933157,0.8591632117920999,0
1.359447495289959,-0.3820362924979516,1
0.5501647731733299,0.6670662394423292,0
0.8149450238506426,0.009321080081529,0
1.8790340059206967,0.1332837801996035,1
-0.9692201520331446,0.279796639957139,0
0.1971997191881377,0.015048220595406,1
0.4699696746516968,0.7850353819705188,0
1.906180127050343,0.0007744085313184,1
-0.8941772482886059,0.2575509428739236,0
0.7035889018883237,0.7780275378748371,0
0.207684637827303,-0.0887431689702523,1
0.9293044127555208,0.2088208314155635,0
1.6192332263648324,-0.3599512530072438,1
2.103810505457855,0.4743373822133638,1
0.9435143393393168,-0.4767018586584302,1
0.7712382127261403,0.3862323373619163,0
-0.7003267095362699,0.8980261771436556,0
-0.4418630304298929,0.9371838642959608,0
1.892870369679248,0.2330533576904666,1
0.3300022650447667,-0.2480284845233473,1
1.7244039977107466,-0.1847877214517411,1
-0.8128507081679145,0.5402691338247977,0
-0.1338757888468569,1.0445447204183238,0
0.7317646754961967,0.8356975591058213,0
-0.9319160584637683,0.6004249701261815,0
1.9056772342060777,0.2894039283889207,1
-0.7138960736017358,0.8145478064318369,0
0.4588396310264809,-0.4409198612425006,1
-0.5207459546505765,1.0566871214535354,0
0.9615537790397344,-0.5395753854374779,1
1.4062538394070994,-0.5358404720046773,1
-0.6505177354828016,0.7200200698949037,0
0.7722087528989579,0.9474129689036688,0
1.298012185001172,-0.4997521414648381,1
1.697287811981133,-0.1015288442851007,1
1.973731196242464,0.4120706322193161,1
0.6178695864802322,0.6654548004230365,0
-0.8915121576927232,0.5205871938621517,0
0.9508472945171796,0.4171400756564282,0
1.9105508159767808,0.1982952755269502,1
-0.1766511694966977,0.2321220485243381,1
-0.1068243641313757,0.9823461340194614,0
0.4149113166229611,0.9518326150159396,0
0.4256202352714404,-0.3816714696068847,1
0.4332164073143475,0.8740456862517257,0
-0.2349355959411098,0.2478960004845501,1
1.609872586853205,-0.0928499991049011,1
-1.15557317358253,0.1186621799993325,0
0.0705201024526567,0.3208058022636196,1
1.0886140076132722,-0.5364263487003208,1
0.706161288024377,-0.3471155511195045,1
-0.9051938107453196,0.419900150564961,0
1.8789848411846843,0.3288312184956075,1
0.957326487651578,0.4512543994823058,0
1.7562724882642005,-0.3060612694261787,1
-0.8914888845448535,0.0489762041131357,0
1.0168161159144151,-0.5595646892616545,1
0.0938784434683157,0.7606261505153663,0
-0.3062732377807277,0.9477775604091936,0
0.1513438530434076,-0.213976770588667,1
1.3573071899596874,-0.5349627615890834,1
0.1048560180411478,0.9775990930433166,0
0.0291592048710035,-0.229418698335645,1
2.063688079415997,0.5310693807500723,1
0.5724209043189845,0.9164950594478216,0
0.4293885476043823,-0.3951723517962996,1
2.015182580443175,0.3105247486586694,1
1.1676398457066313,0.4080687941913998,0
0.2497678805939217,-0.1765264887159482,1
2.038587752314573,0.316490843985705,1
1.235212648579505,-0.4528744203315163,1
0.1283203713321764,0.0424590716719145,1
0.6087089165834112,-0.2775675739129626,1
0.6282594945185441,-0.5736801376990859,1
0.939467044738908,0.4555786620078135,0
1.456068115978412,-0.2222195963865896,1
0.1260937105374752,1.0088463423115397,0
0.8790161619983556,0.4773063955676431,0
-0.8927180350490513,0.4063480222490105,0
1.23686099449585,-0.5240297950672205,1
0.4111333711288468,1.0098559288157976,0
1.042725055655201,-0.616407132639764,1
0.3796960974727338,0.920724168968266,0
-0.0695266996812593,0.4210100861120483,1
1.3753497445042997,-0.3179140263665109,1
1.00656626921488,-0.5309685338247017,1
1.921340392034194,-0.1274339643846651,1
0.8588509198838535,-0.5004116882748655,1
0.4166332133489593,0.8280537627178026,0
0.1709522959229036,0.9131253161551278,0
0.8780261854651444,0.5164074412093058,0
0.5069425173579984,-0.3514084563596473,1
-0.4930850866674957,0.6678967563825435,0
0.3957577717145599,-0.4180546719299722,1
0.548115310255248,-0.523044379314398,1
2.011748736684858,-0.0675054442259584,1
-0.9167747837554088,0.4166866271080855,0
-0.313254627050655,0.9386049186478146,0
-0.1170616268015005,0.3215361758777932,1
0.312249808476901,-0.2088535477574061,1
0.3495812117830839,-0.3594214615128498,1
0.5562114500576152,-0.3550475804081844,1
1.6439230931723166,-0.1062060795881529,1
0.5911590912054622,0.9154816877265786,0
0.573416187703698,-0.6116993748304279,1
0.8453529155778841,0.5979563625759573,0
1.4684025581772209,-0.3877895404607702,1
1.7271845937379848,-0.2969539879649267,1
-0.2945456056057272,0.9161677839205504,0
0.919132125255052,0.1971537267755405,0
